{
  "snapshots": [
    {
      "snapshot_num": 0,
      "snapshot_date": "2024-11-01",
      "recruiters": [
        {
          "name": "Lisa Anderson",
          "role_type": "Recruiter",
          "final_score": 38,
          "feedback_score": 33,
          "velocity_score": 37,
          "engagement_score": 100,
          "total_violations": 10,
          "high_severity": 3,
          "medium_severity": 3,
          "low_severity": 4
        },
        {
          "name": "Amanda Taylor",
          "role_type": "Recruiter",
          "final_score": 27,
          "feedback_score": 25,
          "velocity_score": 24,
          "engagement_score": 100,
          "total_violations": 10,
          "high_severity": 3,
          "medium_severity": 3,
          "low_severity": 4
        },
        {
          "name": "Chris Johnson",
          "role_type": "Recruiter",
          "final_score": 30,
          "feedback_score": 35,
          "velocity_score": 33,
          "engagement_score": 100,
          "total_violations": 10,
          "high_severity": 3,
          "medium_severity": 3,
          "low_severity": 4
        },
        {
          "name": "Jessica Williams",
          "role_type": "Recruiter",
          "final_score": 36,
          "feedback_score": 40,
          "velocity_score": 37,
          "engagement_score": 100,
          "total_violations": 10,
          "high_severity": 3,
          "medium_severity": 3,
          "low_severity": 4
        },
        {
          "name": "Mike Rodriguez",
          "role_type": "Recruiter",
          "final_score": 50,
          "feedback_score": 45,
          "velocity_score": 46,
          "engagement_score": 100,
          "total_violations": 10,
          "high_severity": 2,
          "medium_severity": 0,
          "low_severity": 8
        },
        {
          "name": "Sarah Chen",
          "role_type": "Recruiter",
          "final_score": 44,
          "feedback_score": 42,
          "velocity_score": 47,
          "engagement_score": 100,
          "total_violations": 10,
          "high_severity": 2,
          "medium_severity": 3,
          "low_severity": 5
        },
        {
          "name": "David Park",
          "role_type": "Recruiter",
          "final_score": 37,
          "feedback_score": 32,
          "velocity_score": 40,
          "engagement_score": 100,
          "total_violations": 10,
          "high_severity": 3,
          "medium_severity": 3,
          "low_severity": 4
        }
      ],
      "hiring_managers": [
        {
          "name": "Rachel Green",
          "role_type": "Hiring Manager",
          "final_score": 49,
          "feedback_score": 54,
          "velocity_score": 74.5,
          "engagement_score": 52,
          "total_violations": 10,
          "high_severity": 2,
          "medium_severity": 3,
          "low_severity": 5
        },
        {
          "name": "Tom Brady",
          "role_type": "Hiring Manager",
          "final_score": 27,
          "feedback_score": 28,
          "velocity_score": 63.5,
          "engagement_score": 22,
          "total_violations": 10,
          "high_severity": 3,
          "medium_severity": 3,
          "low_severity": 4
        },
        {
          "name": "Alex Kumar",
          "role_type": "Hiring Manager",
          "final_score": 56,
          "feedback_score": 60,
          "velocity_score": 78.0,
          "engagement_score": 52,
          "total_violations": 10,
          "high_severity": 2,
          "medium_severity": 0,
          "low_severity": 8
        },
        {
          "name": "Jennifer Lopez",
          "role_type": "Hiring Manager",
          "final_score": 40,
          "feedback_score": 37,
          "velocity_score": 70.0,
          "engagement_score": 43,
          "total_violations": 10,
          "high_severity": 3,
          "medium_severity": 3,
          "low_severity": 4
        },
        {
          "name": "Maria Garcia",
          "role_type": "Hiring Manager",
          "final_score": 41,
          "feedback_score": 41,
          "velocity_score": 70.5,
          "engagement_score": 37,
          "total_violations": 10,
          "high_severity": 2,
          "medium_severity": 3,
          "low_severity": 5
        },
        {
          "name": "Emily Davis",
          "role_type": "Hiring Manager",
          "final_score": 34,
          "feedback_score": 32,
          "velocity_score": 67.0,
          "engagement_score": 31,
          "total_violations": 10,
          "high_severity": 3,
          "medium_severity": 3,
          "low_severity": 4
        },
        {
          "name": "Mark Watson",
          "role_type": "Hiring Manager",
          "final_score": 36,
          "feedback_score": 32,
          "velocity_score": 68.0,
          "engagement_score": 34,
          "total_violations": 10,
          "high_severity": 3,
          "medium_severity": 3,
          "low_severity": 4
        },
        {
          "name": "Robert Smith",
          "role_type": "Hiring Manager",
          "final_score": 28,
          "feedback_score": 28,
          "velocity_score": 64.0,
          "engagement_score": 25,
          "total_violations": 10,
          "high_severity": 3,
          "medium_severity": 3,
          "low_severity": 4
        },
        {
          "name": "James Wilson",
          "role_type": "Hiring Manager",
          "final_score": 35,
          "feedback_score": 34,
          "velocity_score": 67.5,
          "engagement_score": 27,
          "total_violations": 10,
          "high_severity": 3,
          "medium_severity": 3,
          "low_severity": 4
        },
        {
          "name": "Kevin Lee",
          "role_type": "Hiring Manager",
          "final_score": 59,
          "feedback_score": 62,
          "velocity_score": 79.5,
          "engagement_score": 52,
          "total_violations": 10,
          "high_severity": 1,
          "medium_severity": 1,
          "low_severity": 8
        },
        {
          "name": "Priya Patel",
          "role_type": "Hiring Manager",
          "final_score": 49,
          "feedback_score": 45,
          "velocity_score": 74.5,
          "engagement_score": 49,
          "total_violations": 10,
          "high_severity": 2,
          "medium_severity": 3,
          "low_severity": 5
        }
      ],
      "org_summary": {
        "org_average_score": 39.8,
        "recruiter_average": 37.4,
        "hm_average": 41.3,
        "total_violations": 180,
        "high_severity_total": 46,
        "people_count": 18
      }
    },
    {
      "snapshot_num": 1,
      "snapshot_date": "2024-11-15",
      "recruiters": [
        {
          "name": "Lisa Anderson",
          "role_type": "Recruiter",
          "final_score": 44,
          "feedback_score": 49,
          "velocity_score": 48,
          "engagement_score": 100,
          "total_violations": 10,
          "high_severity": 2,
          "medium_severity": 3,
          "low_severity": 5
        },
        {
          "name": "Amanda Taylor",
          "role_type": "Recruiter",
          "final_score": 34,
          "feedback_score": 38,
          "velocity_score": 32,
          "engagement_score": 100,
          "total_violations": 10,
          "high_severity": 3,
          "medium_severity": 3,
          "low_severity": 4
        },
        {
          "name": "Chris Johnson",
          "role_type": "Recruiter",
          "final_score": 34,
          "feedback_score": 29,
          "velocity_score": 39,
          "engagement_score": 100,
          "total_violations": 10,
          "high_severity": 3,
          "medium_severity": 3,
          "low_severity": 4
        },
        {
          "name": "Jessica Williams",
          "role_type": "Recruiter",
          "final_score": 42,
          "feedback_score": 41,
          "velocity_score": 38,
          "engagement_score": 100,
          "total_violations": 10,
          "high_severity": 2,
          "medium_severity": 3,
          "low_severity": 5
        },
        {
          "name": "Mike Rodriguez",
          "role_type": "Recruiter",
          "final_score": 54,
          "feedback_score": 50,
          "velocity_score": 55,
          "engagement_score": 100,
          "total_violations": 10,
          "high_severity": 2,
          "medium_severity": 0,
          "low_severity": 8
        },
        {
          "name": "Sarah Chen",
          "role_type": "Recruiter",
          "final_score": 49,
          "feedback_score": 51,
          "velocity_score": 54,
          "engagement_score": 100,
          "total_violations": 10,
          "high_severity": 2,
          "medium_severity": 3,
          "low_severity": 5
        },
        {
          "name": "David Park",
          "role_type": "Recruiter",
          "final_score": 40,
          "feedback_score": 37,
          "velocity_score": 40,
          "engagement_score": 100,
          "total_violations": 10,
          "high_severity": 3,
          "medium_severity": 3,
          "low_severity": 4
        }
      ],
      "hiring_managers": [
        {
          "name": "Rachel Green",
          "role_type": "Hiring Manager",
          "final_score": 54,
          "feedback_score": 52,
          "velocity_score": 77.0,
          "engagement_score": 56,
          "total_violations": 10,
          "high_severity": 2,
          "medium_severity": 0,
          "low_severity": 8
        },
        {
          "name": "Tom Brady",
          "role_type": "Hiring Manager",
          "final_score": 33,
          "feedback_score": 38,
          "velocity_score": 66.5,
          "engagement_score": 35,
          "total_violations": 10,
          "high_severity": 3,
          "medium_severity": 3,
          "low_severity": 4
        },
        {
          "name": "Alex Kumar",
          "role_type": "Hiring Manager",
          "final_score": 56,
          "feedback_score": 60,
          "velocity_score": 78.0,
          "engagement_score": 58,
          "total_violations": 10,
          "high_severity": 2,
          "medium_severity": 0,
          "low_severity": 8
        },
        {
          "name": "Jennifer Lopez",
          "role_type": "Hiring Manager",
          "final_score": 46,
          "feedback_score": 49,
          "velocity_score": 73.0,
          "engagement_score": 49,
          "total_violations": 10,
          "high_severity": 2,
          "medium_severity": 3,
          "low_severity": 5
        },
        {
          "name": "Maria Garcia",
          "role_type": "Hiring Manager",
          "final_score": 43,
          "feedback_score": 40,
          "velocity_score": 71.5,
          "engagement_score": 42,
          "total_violations": 10,
          "high_severity": 2,
          "medium_severity": 3,
          "low_severity": 5
        },
        {
          "name": "Emily Davis",
          "role_type": "Hiring Manager",
          "final_score": 41,
          "feedback_score": 40,
          "velocity_score": 70.5,
          "engagement_score": 43,
          "total_violations": 10,
          "high_severity": 2,
          "medium_severity": 3,
          "low_severity": 5
        },
        {
          "name": "Mark Watson",
          "role_type": "Hiring Manager",
          "final_score": 46,
          "feedback_score": 44,
          "velocity_score": 73.0,
          "engagement_score": 48,
          "total_violations": 10,
          "high_severity": 2,
          "medium_severity": 3,
          "low_severity": 5
        },
        {
          "name": "Robert Smith",
          "role_type": "Hiring Manager",
          "final_score": 36,
          "feedback_score": 31,
          "velocity_score": 68.0,
          "engagement_score": 31,
          "total_violations": 10,
          "high_severity": 3,
          "medium_severity": 3,
          "low_severity": 4
        },
        {
          "name": "James Wilson",
          "role_type": "Hiring Manager",
          "final_score": 36,
          "feedback_score": 36,
          "velocity_score": 68.0,
          "engagement_score": 34,
          "total_violations": 10,
          "high_severity": 3,
          "medium_severity": 3,
          "low_severity": 4
        },
        {
          "name": "Kevin Lee",
          "role_type": "Hiring Manager",
          "final_score": 61,
          "feedback_score": 57,
          "velocity_score": 80.5,
          "engagement_score": 56,
          "total_violations": 10,
          "high_severity": 1,
          "medium_severity": 1,
          "low_severity": 8
        },
        {
          "name": "Priya Patel",
          "role_type": "Hiring Manager",
          "final_score": 54,
          "feedback_score": 54,
          "velocity_score": 77.0,
          "engagement_score": 49,
          "total_violations": 10,
          "high_severity": 2,
          "medium_severity": 0,
          "low_severity": 8
        }
      ],
      "org_summary": {
        "org_average_score": 44.6,
        "recruiter_average": 42.4,
        "hm_average": 46.0,
        "total_violations": 180,
        "high_severity_total": 41,
        "people_count": 18
      }
    },
    {
      "snapshot_num": 2,
      "snapshot_date": "2024-11-29",
      "recruiters": [
        {
          "name": "Lisa Anderson",
          "role_type": "Recruiter",
          "final_score": 49,
          "feedback_score": 50,
          "velocity_score": 54,
          "engagement_score": 100,
          "total_violations": 10,
          "high_severity": 2,
          "medium_severity": 3,
          "low_severity": 5
        },
        {
          "name": "Amanda Taylor",
          "role_type": "Recruiter",
          "final_score": 41,
          "feedback_score": 38,
          "velocity_score": 40,
          "engagement_score": 100,
          "total_violations": 10,
          "high_severity": 2,
          "medium_severity": 3,
          "low_severity": 5
        },
        {
          "name": "Chris Johnson",
          "role_type": "Recruiter",
          "final_score": 39,
          "feedback_score": 37,
          "velocity_score": 42,
          "engagement_score": 100,
          "total_violations": 10,
          "high_severity": 3,
          "medium_severity": 3,
          "low_severity": 4
        },
        {
          "name": "Jessica Williams",
          "role_type": "Recruiter",
          "final_score": 50,
          "feedback_score": 49,
          "velocity_score": 54,
          "engagement_score": 100,
          "total_violations": 10,
          "high_severity": 2,
          "medium_severity": 0,
          "low_severity": 8
        },
        {
          "name": "Mike Rodriguez",
          "role_type": "Recruiter",
          "final_score": 59,
          "feedback_score": 63,
          "velocity_score": 60,
          "engagement_score": 100,
          "total_violations": 10,
          "high_severity": 1,
          "medium_severity": 1,
          "low_severity": 8
        },
        {
          "name": "Sarah Chen",
          "role_type": "Recruiter",
          "final_score": 53,
          "feedback_score": 51,
          "velocity_score": 50,
          "engagement_score": 100,
          "total_violations": 10,
          "high_severity": 2,
          "medium_severity": 0,
          "low_severity": 8
        },
        {
          "name": "David Park",
          "role_type": "Recruiter",
          "final_score": 47,
          "feedback_score": 49,
          "velocity_score": 43,
          "engagement_score": 100,
          "total_violations": 10,
          "high_severity": 2,
          "medium_severity": 3,
          "low_severity": 5
        }
      ],
      "hiring_managers": [
        {
          "name": "Rachel Green",
          "role_type": "Hiring Manager",
          "final_score": 56,
          "feedback_score": 52,
          "velocity_score": 78.0,
          "engagement_score": 50,
          "total_violations": 10,
          "high_severity": 2,
          "medium_severity": 0,
          "low_severity": 8
        },
        {
          "name": "Tom Brady",
          "role_type": "Hiring Manager",
          "final_score": 40,
          "feedback_score": 45,
          "velocity_score": 70.0,
          "engagement_score": 38,
          "total_violations": 10,
          "high_severity": 3,
          "medium_severity": 3,
          "low_severity": 4
        },
        {
          "name": "Alex Kumar",
          "role_type": "Hiring Manager",
          "final_score": 63,
          "feedback_score": 59,
          "velocity_score": 81.5,
          "engagement_score": 61,
          "total_violations": 10,
          "high_severity": 1,
          "medium_severity": 1,
          "low_severity": 8
        },
        {
          "name": "Jennifer Lopez",
          "role_type": "Hiring Manager",
          "final_score": 53,
          "feedback_score": 57,
          "velocity_score": 76.5,
          "engagement_score": 52,
          "total_violations": 10,
          "high_severity": 2,
          "medium_severity": 0,
          "low_severity": 8
        },
        {
          "name": "Maria Garcia",
          "role_type": "Hiring Manager",
          "final_score": 50,
          "feedback_score": 49,
          "velocity_score": 75.0,
          "engagement_score": 50,
          "total_violations": 10,
          "high_severity": 2,
          "medium_severity": 0,
          "low_severity": 8
        },
        {
          "name": "Emily Davis",
          "role_type": "Hiring Manager",
          "final_score": 43,
          "feedback_score": 48,
          "velocity_score": 71.5,
          "engagement_score": 46,
          "total_violations": 10,
          "high_severity": 2,
          "medium_severity": 3,
          "low_severity": 5
        },
        {
          "name": "Mark Watson",
          "role_type": "Hiring Manager",
          "final_score": 48,
          "feedback_score": 53,
          "velocity_score": 74.0,
          "engagement_score": 48,
          "total_violations": 10,
          "high_severity": 2,
          "medium_severity": 3,
          "low_severity": 5
        },
        {
          "name": "Robert Smith",
          "role_type": "Hiring Manager",
          "final_score": 42,
          "feedback_score": 47,
          "velocity_score": 71.0,
          "engagement_score": 39,
          "total_violations": 10,
          "high_severity": 2,
          "medium_severity": 3,
          "low_severity": 5
        },
        {
          "name": "James Wilson",
          "role_type": "Hiring Manager",
          "final_score": 41,
          "feedback_score": 40,
          "velocity_score": 70.5,
          "engagement_score": 39,
          "total_violations": 10,
          "high_severity": 2,
          "medium_severity": 3,
          "low_severity": 5
        },
        {
          "name": "Kevin Lee",
          "role_type": "Hiring Manager",
          "final_score": 63,
          "feedback_score": 65,
          "velocity_score": 81.5,
          "engagement_score": 55,
          "total_violations": 10,
          "high_severity": 1,
          "medium_severity": 1,
          "low_severity": 8
        },
        {
          "name": "Priya Patel",
          "role_type": "Hiring Manager",
          "final_score": 56,
          "feedback_score": 59,
          "velocity_score": 78.0,
          "engagement_score": 50,
          "total_violations": 10,
          "high_severity": 2,
          "medium_severity": 0,
          "low_severity": 8
        }
      ],
      "org_summary": {
        "org_average_score": 49.6,
        "recruiter_average": 48.3,
        "hm_average": 50.5,
        "total_violations": 180,
        "high_severity_total": 35,
        "people_count": 18
      }
    },
    {
      "snapshot_num": 3,
      "snapshot_date": "2024-12-13",
      "recruiters": [
        {
          "name": "Lisa Anderson",
          "role_type": "Recruiter",
          "final_score": 54,
          "feedback_score": 50,
          "velocity_score": 59,
          "engagement_score": 100,
          "total_violations": 10,
          "high_severity": 2,
          "medium_severity": 0,
          "low_severity": 8
        },
        {
          "name": "Amanda Taylor",
          "role_type": "Recruiter",
          "final_score": 46,
          "feedback_score": 51,
          "velocity_score": 49,
          "engagement_score": 100,
          "total_violations": 10,
          "high_severity": 2,
          "medium_severity": 3,
          "low_severity": 5
        },
        {
          "name": "Chris Johnson",
          "role_type": "Recruiter",
          "final_score": 46,
          "feedback_score": 44,
          "velocity_score": 43,
          "engagement_score": 100,
          "total_violations": 10,
          "high_severity": 2,
          "medium_severity": 3,
          "low_severity": 5
        },
        {
          "name": "Jessica Williams",
          "role_type": "Recruiter",
          "final_score": 53,
          "feedback_score": 50,
          "velocity_score": 56,
          "engagement_score": 100,
          "total_violations": 10,
          "high_severity": 2,
          "medium_severity": 0,
          "low_severity": 8
        },
        {
          "name": "Mike Rodriguez",
          "role_type": "Recruiter",
          "final_score": 63,
          "feedback_score": 58,
          "velocity_score": 67,
          "engagement_score": 100,
          "total_violations": 10,
          "high_severity": 1,
          "medium_severity": 1,
          "low_severity": 8
        },
        {
          "name": "Sarah Chen",
          "role_type": "Recruiter",
          "final_score": 57,
          "feedback_score": 59,
          "velocity_score": 52,
          "engagement_score": 100,
          "total_violations": 10,
          "high_severity": 1,
          "medium_severity": 2,
          "low_severity": 7
        },
        {
          "name": "David Park",
          "role_type": "Recruiter",
          "final_score": 48,
          "feedback_score": 48,
          "velocity_score": 47,
          "engagement_score": 100,
          "total_violations": 10,
          "high_severity": 2,
          "medium_severity": 3,
          "low_severity": 5
        }
      ],
      "hiring_managers": [
        {
          "name": "Rachel Green",
          "role_type": "Hiring Manager",
          "final_score": 61,
          "feedback_score": 56,
          "velocity_score": 80.5,
          "engagement_score": 56,
          "total_violations": 10,
          "high_severity": 1,
          "medium_severity": 1,
          "low_severity": 8
        },
        {
          "name": "Tom Brady",
          "role_type": "Hiring Manager",
          "final_score": 51,
          "feedback_score": 47,
          "velocity_score": 75.5,
          "engagement_score": 44,
          "total_violations": 10,
          "high_severity": 2,
          "medium_severity": 0,
          "low_severity": 8
        },
        {
          "name": "Alex Kumar",
          "role_type": "Hiring Manager",
          "final_score": 65,
          "feedback_score": 61,
          "velocity_score": 82.5,
          "engagement_score": 65,
          "total_violations": 10,
          "high_severity": 1,
          "medium_severity": 1,
          "low_severity": 8
        },
        {
          "name": "Jennifer Lopez",
          "role_type": "Hiring Manager",
          "final_score": 56,
          "feedback_score": 53,
          "velocity_score": 78.0,
          "engagement_score": 58,
          "total_violations": 10,
          "high_severity": 2,
          "medium_severity": 0,
          "low_severity": 8
        },
        {
          "name": "Maria Garcia",
          "role_type": "Hiring Manager",
          "final_score": 53,
          "feedback_score": 56,
          "velocity_score": 76.5,
          "engagement_score": 47,
          "total_violations": 10,
          "high_severity": 2,
          "medium_severity": 0,
          "low_severity": 8
        },
        {
          "name": "Emily Davis",
          "role_type": "Hiring Manager",
          "final_score": 50,
          "feedback_score": 53,
          "velocity_score": 75.0,
          "engagement_score": 51,
          "total_violations": 10,
          "high_severity": 2,
          "medium_severity": 0,
          "low_severity": 8
        },
        {
          "name": "Mark Watson",
          "role_type": "Hiring Manager",
          "final_score": 57,
          "feedback_score": 55,
          "velocity_score": 78.5,
          "engagement_score": 57,
          "total_violations": 10,
          "high_severity": 1,
          "medium_severity": 2,
          "low_severity": 7
        },
        {
          "name": "Robert Smith",
          "role_type": "Hiring Manager",
          "final_score": 47,
          "feedback_score": 46,
          "velocity_score": 73.5,
          "engagement_score": 45,
          "total_violations": 10,
          "high_severity": 2,
          "medium_severity": 3,
          "low_severity": 5
        },
        {
          "name": "James Wilson",
          "role_type": "Hiring Manager",
          "final_score": 48,
          "feedback_score": 50,
          "velocity_score": 74.0,
          "engagement_score": 48,
          "total_violations": 10,
          "high_severity": 2,
          "medium_severity": 3,
          "low_severity": 5
        },
        {
          "name": "Kevin Lee",
          "role_type": "Hiring Manager",
          "final_score": 68,
          "feedback_score": 64,
          "velocity_score": 84.0,
          "engagement_score": 63,
          "total_violations": 10,
          "high_severity": 1,
          "medium_severity": 1,
          "low_severity": 8
        },
        {
          "name": "Priya Patel",
          "role_type": "Hiring Manager",
          "final_score": 59,
          "feedback_score": 55,
          "velocity_score": 79.5,
          "engagement_score": 56,
          "total_violations": 10,
          "high_severity": 1,
          "medium_severity": 1,
          "low_severity": 8
        }
      ],
      "org_summary": {
        "org_average_score": 54.6,
        "recruiter_average": 52.4,
        "hm_average": 55.9,
        "total_violations": 180,
        "high_severity_total": 29,
        "people_count": 18
      }
    },
    {
      "snapshot_num": 4,
      "snapshot_date": "2024-12-27",
      "recruiters": [
        {
          "name": "Lisa Anderson",
          "role_type": "Recruiter",
          "final_score": 54,
          "feedback_score": 58,
          "velocity_score": 57,
          "engagement_score": 100,
          "total_violations": 10,
          "high_severity": 2,
          "medium_severity": 0,
          "low_severity": 8
        },
        {
          "name": "Amanda Taylor",
          "role_type": "Recruiter",
          "final_score": 51,
          "feedback_score": 55,
          "velocity_score": 49,
          "engagement_score": 100,
          "total_violations": 10,
          "high_severity": 2,
          "medium_severity": 0,
          "low_severity": 8
        },
        {
          "name": "Chris Johnson",
          "role_type": "Recruiter",
          "final_score": 46,
          "feedback_score": 42,
          "velocity_score": 51,
          "engagement_score": 100,
          "total_violations": 10,
          "high_severity": 2,
          "medium_severity": 3,
          "low_severity": 5
        },
        {
          "name": "Jessica Williams",
          "role_type": "Recruiter",
          "final_score": 56,
          "feedback_score": 54,
          "velocity_score": 52,
          "engagement_score": 100,
          "total_violations": 10,
          "high_severity": 2,
          "medium_severity": 0,
          "low_severity": 8
        },
        {
          "name": "Mike Rodriguez",
          "role_type": "Recruiter",
          "final_score": 62,
          "feedback_score": 62,
          "velocity_score": 58,
          "engagement_score": 100,
          "total_violations": 10,
          "high_severity": 1,
          "medium_severity": 1,
          "low_severity": 8
        },
        {
          "name": "Sarah Chen",
          "role_type": "Recruiter",
          "final_score": 63,
          "feedback_score": 61,
          "velocity_score": 62,
          "engagement_score": 100,
          "total_violations": 10,
          "high_severity": 1,
          "medium_severity": 1,
          "low_severity": 8
        },
        {
          "name": "David Park",
          "role_type": "Recruiter",
          "final_score": 56,
          "feedback_score": 54,
          "velocity_score": 59,
          "engagement_score": 100,
          "total_violations": 10,
          "high_severity": 2,
          "medium_severity": 0,
          "low_severity": 8
        }
      ],
      "hiring_managers": [
        {
          "name": "Rachel Green",
          "role_type": "Hiring Manager",
          "final_score": 65,
          "feedback_score": 69,
          "velocity_score": 82.5,
          "engagement_score": 66,
          "total_violations": 10,
          "high_severity": 1,
          "medium_severity": 1,
          "low_severity": 8
        },
        {
          "name": "Tom Brady",
          "role_type": "Hiring Manager",
          "final_score": 58,
          "feedback_score": 56,
          "velocity_score": 79.0,
          "engagement_score": 57,
          "total_violations": 10,
          "high_severity": 1,
          "medium_severity": 2,
          "low_severity": 7
        },
        {
          "name": "Alex Kumar",
          "role_type": "Hiring Manager",
          "final_score": 68,
          "feedback_score": 66,
          "velocity_score": 84.0,
          "engagement_score": 61,
          "total_violations": 10,
          "high_severity": 1,
          "medium_severity": 1,
          "low_severity": 8
        },
        {
          "name": "Jennifer Lopez",
          "role_type": "Hiring Manager",
          "final_score": 60,
          "feedback_score": 65,
          "velocity_score": 80.0,
          "engagement_score": 58,
          "total_violations": 10,
          "high_severity": 1,
          "medium_severity": 1,
          "low_severity": 8
        },
        {
          "name": "Maria Garcia",
          "role_type": "Hiring Manager",
          "final_score": 56,
          "feedback_score": 57,
          "velocity_score": 78.0,
          "engagement_score": 54,
          "total_violations": 10,
          "high_severity": 2,
          "medium_severity": 0,
          "low_severity": 8
        },
        {
          "name": "Emily Davis",
          "role_type": "Hiring Manager",
          "final_score": 56,
          "feedback_score": 51,
          "velocity_score": 78.0,
          "engagement_score": 58,
          "total_violations": 10,
          "high_severity": 2,
          "medium_severity": 0,
          "low_severity": 8
        },
        {
          "name": "Mark Watson",
          "role_type": "Hiring Manager",
          "final_score": 60,
          "feedback_score": 55,
          "velocity_score": 80.0,
          "engagement_score": 58,
          "total_violations": 10,
          "high_severity": 1,
          "medium_severity": 1,
          "low_severity": 8
        },
        {
          "name": "Robert Smith",
          "role_type": "Hiring Manager",
          "final_score": 54,
          "feedback_score": 50,
          "velocity_score": 77.0,
          "engagement_score": 49,
          "total_violations": 10,
          "high_severity": 2,
          "medium_severity": 0,
          "low_severity": 8
        },
        {
          "name": "James Wilson",
          "role_type": "Hiring Manager",
          "final_score": 52,
          "feedback_score": 50,
          "velocity_score": 76.0,
          "engagement_score": 52,
          "total_violations": 10,
          "high_severity": 2,
          "medium_severity": 0,
          "low_severity": 8
        },
        {
          "name": "Kevin Lee",
          "role_type": "Hiring Manager",
          "final_score": 71,
          "feedback_score": 68,
          "velocity_score": 85.5,
          "engagement_score": 69,
          "total_violations": 10,
          "high_severity": 1,
          "medium_severity": 0,
          "low_severity": 9
        },
        {
          "name": "Priya Patel",
          "role_type": "Hiring Manager",
          "final_score": 63,
          "feedback_score": 62,
          "velocity_score": 81.5,
          "engagement_score": 62,
          "total_violations": 10,
          "high_severity": 1,
          "medium_severity": 1,
          "low_severity": 8
        }
      ],
      "org_summary": {
        "org_average_score": 58.4,
        "recruiter_average": 55.4,
        "hm_average": 60.3,
        "total_violations": 180,
        "high_severity_total": 27,
        "people_count": 18
      }
    },
    {
      "snapshot_num": 5,
      "snapshot_date": "2025-01-10",
      "recruiters": [
        {
          "name": "Lisa Anderson",
          "role_type": "Recruiter",
          "final_score": 59,
          "feedback_score": 55,
          "velocity_score": 61,
          "engagement_score": 100,
          "total_violations": 10,
          "high_severity": 1,
          "medium_severity": 1,
          "low_severity": 8
        },
        {
          "name": "Amanda Taylor",
          "role_type": "Recruiter",
          "final_score": 60,
          "feedback_score": 56,
          "velocity_score": 55,
          "engagement_score": 100,
          "total_violations": 10,
          "high_severity": 1,
          "medium_severity": 1,
          "low_severity": 8
        },
        {
          "name": "Chris Johnson",
          "role_type": "Recruiter",
          "final_score": 54,
          "feedback_score": 49,
          "velocity_score": 50,
          "engagement_score": 100,
          "total_violations": 10,
          "high_severity": 2,
          "medium_severity": 0,
          "low_severity": 8
        },
        {
          "name": "Jessica Williams",
          "role_type": "Recruiter",
          "final_score": 62,
          "feedback_score": 59,
          "velocity_score": 63,
          "engagement_score": 100,
          "total_violations": 10,
          "high_severity": 1,
          "medium_severity": 1,
          "low_severity": 8
        },
        {
          "name": "Mike Rodriguez",
          "role_type": "Recruiter",
          "final_score": 68,
          "feedback_score": 70,
          "velocity_score": 66,
          "engagement_score": 100,
          "total_violations": 10,
          "high_severity": 1,
          "medium_severity": 1,
          "low_severity": 8
        },
        {
          "name": "Sarah Chen",
          "role_type": "Recruiter",
          "final_score": 66,
          "feedback_score": 61,
          "velocity_score": 63,
          "engagement_score": 100,
          "total_violations": 10,
          "high_severity": 1,
          "medium_severity": 1,
          "low_severity": 8
        },
        {
          "name": "David Park",
          "role_type": "Recruiter",
          "final_score": 61,
          "feedback_score": 56,
          "velocity_score": 62,
          "engagement_score": 100,
          "total_violations": 10,
          "high_severity": 1,
          "medium_severity": 1,
          "low_severity": 8
        }
      ],
      "hiring_managers": [
        {
          "name": "Rachel Green",
          "role_type": "Hiring Manager",
          "final_score": 70,
          "feedback_score": 72,
          "velocity_score": 85.0,
          "engagement_score": 66,
          "total_violations": 10,
          "high_severity": 1,
          "medium_severity": 0,
          "low_severity": 9
        },
        {
          "name": "Tom Brady",
          "role_type": "Hiring Manager",
          "final_score": 66,
          "feedback_score": 69,
          "velocity_score": 83.0,
          "engagement_score": 68,
          "total_violations": 10,
          "high_severity": 1,
          "medium_severity": 1,
          "low_severity": 8
        },
        {
          "name": "Alex Kumar",
          "role_type": "Hiring Manager",
          "final_score": 71,
          "feedback_score": 68,
          "velocity_score": 85.5,
          "engagement_score": 66,
          "total_violations": 10,
          "high_severity": 1,
          "medium_severity": 0,
          "low_severity": 9
        },
        {
          "name": "Jennifer Lopez",
          "role_type": "Hiring Manager",
          "final_score": 67,
          "feedback_score": 65,
          "velocity_score": 83.5,
          "engagement_score": 59,
          "total_violations": 10,
          "high_severity": 1,
          "medium_severity": 1,
          "low_severity": 8
        },
        {
          "name": "Maria Garcia",
          "role_type": "Hiring Manager",
          "final_score": 62,
          "feedback_score": 65,
          "velocity_score": 81.0,
          "engagement_score": 54,
          "total_violations": 10,
          "high_severity": 1,
          "medium_severity": 1,
          "low_severity": 8
        },
        {
          "name": "Emily Davis",
          "role_type": "Hiring Manager",
          "final_score": 60,
          "feedback_score": 55,
          "velocity_score": 80.0,
          "engagement_score": 52,
          "total_violations": 10,
          "high_severity": 1,
          "medium_severity": 1,
          "low_severity": 8
        },
        {
          "name": "Mark Watson",
          "role_type": "Hiring Manager",
          "final_score": 70,
          "feedback_score": 72,
          "velocity_score": 85.0,
          "engagement_score": 70,
          "total_violations": 10,
          "high_severity": 1,
          "medium_severity": 0,
          "low_severity": 9
        },
        {
          "name": "Robert Smith",
          "role_type": "Hiring Manager",
          "final_score": 62,
          "feedback_score": 59,
          "velocity_score": 81.0,
          "engagement_score": 54,
          "total_violations": 10,
          "high_severity": 1,
          "medium_severity": 1,
          "low_severity": 8
        },
        {
          "name": "James Wilson",
          "role_type": "Hiring Manager",
          "final_score": 60,
          "feedback_score": 56,
          "velocity_score": 80.0,
          "engagement_score": 54,
          "total_violations": 10,
          "high_severity": 1,
          "medium_severity": 1,
          "low_severity": 8
        },
        {
          "name": "Kevin Lee",
          "role_type": "Hiring Manager",
          "final_score": 71,
          "feedback_score": 75,
          "velocity_score": 85.5,
          "engagement_score": 64,
          "total_violations": 10,
          "high_severity": 1,
          "medium_severity": 0,
          "low_severity": 9
        },
        {
          "name": "Priya Patel",
          "role_type": "Hiring Manager",
          "final_score": 67,
          "feedback_score": 68,
          "velocity_score": 83.5,
          "engagement_score": 60,
          "total_violations": 10,
          "high_severity": 1,
          "medium_severity": 1,
          "low_severity": 8
        }
      ],
      "org_summary": {
        "org_average_score": 64.2,
        "recruiter_average": 61.4,
        "hm_average": 66.0,
        "total_violations": 180,
        "high_severity_total": 19,
        "people_count": 18
      }
    }
  ],
  "metadata": {
    "start_date": "2024-11-01",
    "end_date": "2025-01-10",
    "num_snapshots": 6,
    "cadence": "biweekly"
  }
}